NCT Number,Start Date,Completion Date
NCT03978546,2019-06-01,2022-03-01
NCT03868462,2019-02-01,2019-09-01
NCT02338362,2014-09-01,2015-02-01
NCT03921372,2018-07-01,2019-02-01
NCT01912638,2012-07-01,2016-09-01
NCT03756662,2018-11-01,2021-02-01
NCT00140062,2002-02-01,2006-04-01
NCT00913562,2009-06-01,2014-11-01
NCT02384772,2015-01-01,2015-05-01
NCT01180062,2011-01-01,2014-06-01
NCT00956462,2007-07-01,2010-06-01
NCT01363362,2010-12-01,2011-08-01
NCT02028572,2013-02-01,2014-06-01
NCT03691662,2018-09-01,2019-10-01
NCT01348672,2012-03-01,2015-08-01
NCT04019210,2015-10-01,2019-11-01
NCT05532410,2022-09-01,2023-03-01
NCT04912310,2020-07-01,2021-07-01
NCT03797846,2018-01-01,2019-06-01
NCT00750646,2008-09-01,2009-08-01
NCT01282346,2011-01-01,2015-12-01
NCT03318146,2018-06-01,2019-09-01
NCT01637246,2009-04-01,2011-11-01
NCT03267862,2014-09-01,2017-08-01
NCT05147610,2021-12-01,2022-07-01
NCT01895972,2013-07-01,2015-04-01
NCT00892762,2009-06-01,2011-05-01
NCT00332072,2001-08-01,2003-08-01
NCT02312362,2012-11-01,2016-12-01
NCT00788762,2007-08-01,2022-12-01
NCT01781962,2013-01-01,2013-06-01
NCT03094910,2017-01-01,2019-02-01
NCT04202510,2020-01-01,2020-11-01
NCT00345046,2002-09-01,2011-09-01
NCT05275738,2022-05-01,2026-12-01
NCT05392738,2022-06-01,2024-06-01
NCT02279472,2014-10-01,2015-01-01
NCT02865473,2016-04-01,2023-12-01
NCT05207761,2022-01-01,2022-11-01
NCT01667861,2011-10-01,2015-01-01
NCT01206361,2010-02-01,2010-08-01
NCT04552964,2020-09-01,2021-04-01
NCT01068964,2010-02-01,2010-09-01
NCT02825264,2016-07-01,2026-12-01
NCT01741961,2006-06-01,2012-10-01
NCT01306461,2011-03-01,2012-05-01
NCT00825864,2004-01-01,2008-01-01
NCT04647461,2019-03-01,2021-01-01
NCT00001161,1977-07-01,2002-08-01
NCT01157364,2010-09-01,2016-08-01
NCT05495061,2022-08-01,2023-04-01
NCT01310764,2009-04-01,2010-07-01
NCT00853073,2009-02-01,2012-01-01
NCT04616573,2020-11-01,2021-01-01
NCT02246764,2014-09-01,2016-12-01
NCT00443664,2006-06-01,2008-12-01
NCT02024464,2011-08-01,2018-08-01
NCT04722861,2020-09-01,2021-05-01
NCT01426464,2011-09-01,2011-12-01
NCT05696561,2023-12-01,2024-11-01
NCT03270761,2017-09-01,2019-12-01
NCT02138461,2013-10-01,2014-09-01
NCT00971061,2003-01-01,2005-08-01
NCT01212861,2010-08-01,2012-05-01
NCT01263561,2009-04-01,2013-04-01
NCT05289453,2022-02-01,2022-06-01
NCT04735653,2021-04-01,2024-02-01
NCT00628173,2005-01-01,2007-12-01
NCT01863953,2013-06-01,2013-12-01
NCT01994564,2012-11-01,2014-01-01
NCT01028664,2009-12-01,2010-10-01
NCT06152861,2023-11-01,2024-08-01
NCT00811564,2008-12-01,2010-01-01
NCT04098861,2019-01-01,2020-12-01
NCT01714960,2012-10-01,2013-12-01
NCT02796560,2016-07-01,2017-09-01
NCT01192061,2010-02-01,2011-01-01
NCT05080153,2019-11-01,2021-06-01
NCT03284853,2017-09-01,2020-11-01
NCT00519753,2007-08-01,2008-12-01
NCT01467453,2011-11-01,2012-12-01
NCT01814761,2013-05-01,2014-08-01
NCT05401760,2022-05-01,2023-03-01
NCT03374553,2017-11-01,2021-02-01
NCT03966560,2014-01-01,2015-04-01
NCT04723160,2020-08-01,2021-05-01
NCT02140060,2014-06-01,2014-11-01
NCT00763061,2006-05-01,2008-04-01
NCT00159653,2005-07-01,2007-06-01
NCT06077253,2023-09-01,2029-09-01
NCT04454138,2019-06-01,2020-04-01
NCT01059162,2010-04-01,2012-02-01
NCT06017362,2023-02-01,2025-02-01
NCT04202562,2017-02-01,2018-11-01
NCT04437446,2020-07-01,2023-12-01
NCT03752710,2016-01-01,2017-12-01
NCT00578110,2008-01-01,2010-04-01
NCT02051946,2014-05-01,2015-10-01
NCT02371746,2015-01-01,2019-02-01
NCT00545064,2007-05-01,2008-09-01
NCT04274764,2020-07-01,2025-03-01
NCT04476810,2017-01-01,2020-01-01
NCT01194310,2009-01-01,2016-12-01
NCT00293761,2006-01-01,2006-05-01
NCT04317573,2018-10-01,2019-10-01
NCT02565173,2015-09-01,2016-11-01
NCT01404364,2010-01-01,2010-12-01
NCT04334564,2015-04-01,2020-11-01
NCT03323164,2017-07-01,2020-05-01
NCT00947661,2010-07-01,2012-05-01
NCT01304264,2011-03-01,2011-11-01
NCT04155164,2019-12-01,2024-05-01
NCT01652664,2012-09-01,2014-03-01
NCT02114073,2014-04-01,2015-02-01
NCT01791673,2012-11-01,2014-06-01
NCT00815373,2008-12-01,2012-06-01
NCT04736264,2020-10-01,2024-03-01
NCT04465864,2020-02-01,2021-01-01
NCT01699464,2012-10-01,2013-04-01
NCT02636946,2016-02-01,2021-01-01
NCT01542710,2011-01-01,2011-12-01
NCT03318510,2017-01-01,2017-12-01
NCT01589510,2012-04-01,2013-02-01
NCT04912362,2020-09-01,2023-08-01
NCT01229462,2010-10-01,2011-09-01
NCT02981446,2016-11-01,2019-01-01
NCT05181046,2021-11-01,2022-12-01
NCT03891446,2019-03-01,2026-08-01
NCT02544646,2011-10-01,2017-06-01
NCT03808688,2018-12-01,2019-07-01
NCT01068938,2008-11-01,2016-12-01
NCT03310788,2017-10-01,2022-12-01
NCT00727038,2008-01-01,2009-05-01
NCT00844389,2009-04-01,2010-03-01
NCT01401088,2011-07-01,2013-12-01
NCT01467388,2011-11-01,2015-12-01
NCT01252888,2010-12-01,2016-12-01
NCT04891588,2021-03-01,2021-12-01
NCT01841450,2013-07-01,2021-11-01
NCT00811850,2008-12-01,2009-12-01
NCT03067415,2017-03-01,2017-09-01
NCT04188015,2018-07-01,2019-06-01
NCT02085850,2014-03-01,2016-03-01
NCT05484050,2022-09-01,2023-06-01
NCT02537015,2015-08-01,2016-08-01
NCT05797350,2022-09-01,2024-12-01
NCT01253902,2010-12-01,2011-10-01
NCT05201378,2021-07-01,2022-10-01
NCT01084902,2010-02-01,2010-12-01
NCT04011878,2016-01-01,2018-10-01
NCT02209077,2013-06-01,2013-07-01
NCT02622178,2011-09-01,2013-12-01
NCT00572455,2007-12-01,2009-06-01
NCT02571712,2015-11-01,2018-06-01
NCT01997255,2014-04-01,2016-04-01
NCT01453855,2011-11-01,2012-08-01
NCT01027312,2008-02-01,2010-08-01
NCT04683055,2020-10-01,2021-05-01
NCT01881425,2015-12-01,2020-01-01
NCT01495312,2011-12-01,2013-08-01
NCT00595855,1997-10-01,2006-12-01
NCT02001155,2013-07-01,2014-07-01
NCT04484155,2018-07-01,2020-03-01
NCT00051155,2001-01-01,2004-07-01
NCT05230355,2022-02-01,2024-02-01
NCT01487655,2011-09-01,2011-12-01
NCT00442312,2006-05-01,2006-11-01
NCT01592955,2012-05-01,2015-03-01
NCT02691455,2016-02-01,2020-09-01
NCT00273455,2006-01-01,2007-05-01
NCT03760055,2019-02-01,2024-01-01
NCT05127525,2021-11-01,2022-01-01
NCT01425112,2007-12-01,2011-06-01
NCT04949555,2021-01-01,2022-03-01
NCT03736655,2019-03-01,2021-10-01
NCT03154892,2017-04-01,2017-12-01
NCT01156012,2009-09-01,2010-12-01
NCT00571012,2007-10-01,2007-12-01
NCT02157025,2015-02-01,2024-12-01
NCT01383525,2011-07-01,2019-11-01
NCT01179555,2010-10-01,2014-05-01
NCT01828255,2013-03-01,2014-05-01
NCT00333125,2006-04-01,2007-02-01
NCT03761992,2018-11-01,2020-12-01
NCT01937312,2013-10-01,2014-05-01
NCT00822055,2005-05-01,2006-11-01
NCT02376725,2011-06-01,2015-02-01
NCT01544192,2008-04-01,2012-02-01
NCT01753492,2013-08-01,2015-03-01
NCT02434692,2014-05-01,2017-04-01
NCT00941525,2009-09-01,2014-07-01
NCT04335825,2016-01-01,2019-12-01
NCT00313092,2005-01-01,2005-09-01
NCT00000122,1985-09-01,1988-06-01
NCT03646500,2015-07-01,2017-10-01
NCT05968547,2023-08-01,2023-12-01
NCT01485822,2004-07-01,2012-02-01
NCT03690622,2017-12-01,2018-04-01
NCT00695747,1998-01-01,2009-01-01
NCT01938287,2013-07-01,2014-02-01
NCT04321122,2018-08-01,2020-06-01
NCT00991822,1999-05-01,2003-12-01
NCT00430287,2007-03-01,2008-10-01
NCT00906087,2009-08-01,2012-07-01
NCT04639947,2021-01-01,2021-12-01
NCT01004900,2009-06-01,2011-03-01
NCT05335122,2022-03-01,2025-01-01
NCT00293787,2004-06-01,2005-08-01
NCT03204487,2016-05-01,2017-06-01
NCT05892185,2023-05-01,2024-07-01
NCT04949347,2017-02-01,2019-08-01
NCT03996200,2019-07-01,2022-02-01
NCT00454922,2007-10-01,2012-01-01
NCT02003547,2013-09-01,2013-12-01
NCT05366647,2022-06-01,2025-06-01
NCT01391247,2011-01-01,2011-12-01
NCT00744666,2008-09-01,2010-07-01
NCT01704248,2012-10-01,2013-04-01
NCT01372319,2011-06-01,2013-04-01
NCT02438319,2017-07-01,2020-03-01
NCT03166566,2011-03-01,2016-09-01
NCT00383019,2006-11-01,2007-10-01
NCT01742819,2012-05-01,2025-12-01
NCT05529966,2023-02-01,2023-12-01
NCT01345448,2011-04-01,2011-07-01
NCT02030886,2013-12-01,2015-06-01
NCT01265719,2010-12-01,2016-02-01
NCT02097719,2014-05-01,2014-12-01
NCT01645319,2011-02-01,2013-07-01
NCT04872348,2021-07-01,2024-01-01
NCT04903366,2017-11-01,2020-01-01
NCT04981886,2021-08-01,2022-08-01
NCT04499248,2020-11-01,2027-08-01
NCT01122966,2010-03-01,2012-03-01
NCT02772666,2015-12-01,2016-06-01
NCT00288951,2004-10-01,2005-06-01
NCT03960866,2019-05-01,2019-09-01
NCT00672048,2007-10-01,2013-07-01
NCT00465348,2009-06-01,2010-06-01
NCT03541551,2018-07-01,2019-09-01
NCT03421548,2016-11-01,2020-06-01
NCT02410148,2015-04-01,2017-03-01
NCT01484951,2011-05-01,2012-03-01
NCT01481051,2011-11-01,2012-09-01
NCT00347451,2005-10-01,2006-06-01
NCT02770248,2016-05-01,2017-01-01
NCT00546286,2006-05-01,2007-08-01
NCT04844619,2021-04-01,2022-02-01
NCT05821855,2023-08-01,2029-07-01
NCT00872651,2010-01-01,2011-11-01
NCT03782051,2013-08-01,2018-01-01
NCT05280366,2022-02-01,2026-06-01
NCT05344651,2022-10-01,2026-06-01
NCT02250651,2014-12-01,2020-07-01
NCT01630551,2012-04-01,2017-02-01
NCT03293251,2017-08-01,2018-12-01
NCT02767219,2016-05-01,2019-05-01
NCT00649766,2006-06-01,2008-05-01
NCT00809848,2009-02-01,2009-05-01
NCT05014386,2021-08-01,2024-01-01
NCT01055366,2010-03-01,2011-12-01
NCT01284166,2013-07-01,2014-05-01
NCT00486486,2007-03-01,2008-07-01
NCT04519619,2020-11-01,2028-06-01
NCT01788319,2013-02-01,2015-06-01
NCT00005919,2000-06-01,2003-08-01
NCT02681419,2013-01-01,2017-03-01
NCT05333419,2022-03-01,2023-08-01
NCT04445519,2020-06-01,2022-09-01
NCT04970251,2018-11-01,2021-03-01
NCT00326066,2005-02-01,2013-05-01
NCT00804648,2008-11-01,2008-12-01
NCT05175651,2023-06-01,2027-01-01
NCT03675412,2018-12-01,2024-12-01
NCT06057051,2023-09-01,2027-08-01
NCT01646151,2012-05-01,2013-04-01
NCT03325751,2018-06-01,2019-11-01
NCT05127551,2021-11-01,2024-12-01
NCT01999348,2013-11-01,2014-12-01
NCT05163951,2022-01-01,2026-06-01
NCT04200651,2020-01-01,2023-07-01
NCT01440751,2011-09-01,2015-12-01
NCT01155219,2008-07-01,2009-12-01
NCT03250819,2017-09-01,2020-05-01
NCT00429819,2006-12-01,2014-12-01
NCT04741919,2020-11-01,2024-12-01
NCT00069719,1999-02-01,2003-08-01
NCT04517786,2021-01-01,2023-12-01
NCT03519386,2018-07-01,2024-06-01
NCT03034486,2017-02-01,2017-03-01
NCT00761319,2008-10-01,2009-09-01
NCT01215786,2010-10-01,2010-12-01
NCT03634319,2018-06-01,2023-01-01
NCT05916066,2021-10-01,2022-04-01
NCT01271686,2011-01-01,2012-10-01
NCT03369886,2017-09-01,2018-08-01
NCT05351307,2022-06-01,2023-06-01
NCT01279083,2011-01-01,2012-02-01
NCT03682783,2018-10-01,2021-10-01
NCT05397600,2022-06-01,2024-03-01
NCT02376114,2011-08-01,2014-02-01
NCT02278614,2014-12-01,2015-11-01
NCT04552314,2014-07-01,2016-03-01
NCT01448837,2010-04-01,2011-03-01
NCT01252914,2010-12-01,2019-12-01
NCT05437614,2022-03-01,2023-03-01
NCT04333433,2020-05-01,2022-11-01
NCT03193333,2017-11-01,2024-06-01
NCT01735214,2013-03-01,2014-04-01
NCT02911883,2016-08-01,2017-02-01
NCT02802137,2015-03-01,2016-01-01
NCT01696383,2013-02-01,2013-02-01
NCT01721707,2012-12-01,2013-06-01
NCT00847483,2002-01-01,2002-08-01
NCT02406833,2015-04-01,2017-08-01
NCT01758237,2008-01-01,2009-01-01
NCT01628614,2010-11-01,2011-07-01
NCT03648814,2018-08-01,2023-07-01
NCT02989207,2016-08-01,2017-12-01
NCT04328207,2020-11-01,2024-09-01
NCT00441883,2007-03-01,2008-07-01
NCT00801437,2008-10-01,2009-06-01
NCT04519814,2020-06-01,2022-10-01
NCT00326014,2003-04-01,2009-12-01
NCT03613233,2018-01-01,2020-04-01
NCT00349414,2006-07-01,2008-12-01
NCT01159314,2010-06-01,2017-12-01
NCT00556114,2007-01-01,2013-07-01
NCT00338533,1997-04-01,2007-07-01
NCT05753137,2023-03-01,2023-12-01
NCT00676637,2008-05-01,2010-02-01
NCT00652483,2003-05-01,2004-09-01
NCT03452033,2018-03-01,2018-08-01
NCT00434707,2007-03-01,2007-12-01
NCT00452283,2007-03-01,2011-05-01
NCT03896633,2018-02-01,2018-11-01
NCT03273907,2017-10-01,2021-08-01
NCT02908633,2016-02-01,2019-12-01
NCT00626067,2006-09-01,2007-02-01
NCT00990743,2009-09-01,2010-06-01
NCT02990143,2014-01-01,2017-12-01
NCT04742283,2020-12-01,2021-12-01
NCT00661583,2008-04-01,2014-09-01
NCT05857267,2023-03-01,2024-09-01
NCT03160690,2017-06-01,2018-05-01
NCT03469297,2018-05-01,2021-09-01
NCT01338467,2011-04-01,2013-11-01
NCT01162356,2010-07-01,2017-01-01
NCT00221897,1995-04-01,2022-07-01
NCT04830397,2021-03-01,2022-02-01
NCT04485897,2020-11-01,2024-08-01
NCT05469867,2022-08-01,2024-03-01
NCT00410267,2006-02-01,2007-12-01
NCT04422743,2018-01-01,2020-09-01
NCT06143943,2022-11-01,2023-02-01
NCT00672997,2008-05-01,2008-12-01
NCT02947867,2017-01-01,2019-12-01
NCT01266343,2007-01-01,2009-12-01
NCT02490267,2014-06-01,2015-07-01
NCT01446497,2010-10-01,2012-08-01
NCT00312403,2005-11-01,2009-12-01
NCT02792803,2015-09-01,2017-09-01
NCT00803803,1978-08-01,1979-12-01
NCT01640756,2012-07-01,2015-04-01
NCT00665756,2006-01-01,2008-07-01
NCT05011747,2021-09-01,2024-12-01
NCT05340647,2022-04-01,2028-06-01
NCT03159247,2017-01-01,2020-01-01
NCT03515187,2018-06-01,2021-10-01
NCT03255785,2018-05-01,2019-12-01
NCT04624685,2020-01-01,2021-12-01
NCT05130385,2021-11-01,2023-11-01
NCT05131087,2020-10-01,2023-07-01
NCT04911387,2020-04-01,2020-10-01
NCT01123785,2010-05-01,2012-01-01
NCT02507687,2015-08-01,2023-05-01
NCT05685485,2022-10-01,2025-01-01
NCT00477685,2007-05-01,2011-10-01
NCT00626847,2008-03-01,2009-08-01
NCT05370287,2018-01-01,2026-09-01
NCT01853085,2013-04-01,2014-03-01
NCT04910100,2021-04-01,2022-04-01
NCT04743622,2019-04-01,2020-09-01
NCT04646122,2021-01-01,2022-03-01
NCT04430647,2018-03-01,2020-01-01
NCT02178085,2015-03-01,2019-09-01
NCT03611387,2018-04-01,2019-12-01
NCT00803387,2008-04-01,2008-09-01
NCT00121147,2003-09-01,2005-10-01
NCT04750447,2020-11-01,2023-06-01
NCT03944447,2018-12-01,2025-12-01
NCT02105285,2014-04-01,2015-01-01
NCT01930487,2013-08-01,2015-08-01
NCT01298687,2011-02-01,2011-04-01
NCT03657147,2018-09-01,2022-08-01
NCT00706056,2008-09-01,2011-09-01
NCT05455567,2022-02-01,2022-05-01
NCT04468633,2020-12-01,2023-06-01
NCT03505567,2018-04-01,2018-09-01
NCT03759483,2019-03-01,2019-12-01
NCT01051583,2006-01-01,2008-04-01
NCT01799707,2004-07-01,2013-03-01
NCT01917383,2013-08-01,2014-09-01
NCT02512133,2012-02-01,2017-07-01
NCT02049333,2010-11-01,2013-11-01
NCT01299233,2011-02-01,2015-12-01
NCT01563237,2011-06-01,2017-01-01
NCT01923714,2011-08-01,2012-10-01
NCT01076114,2010-02-01,2011-02-01
NCT02967614,2016-12-01,2018-04-01
NCT01975714,2013-10-01,2015-02-01
NCT04284514,2019-05-01,2019-12-01
NCT01841437,2013-09-01,2016-06-01
NCT00286637,1995-01-01,2025-01-01
NCT00666237,2008-04-01,2021-04-01
NCT05030714,2023-04-01,2026-04-01
NCT01340014,2011-09-01,2012-10-01
NCT00487214,2002-06-01,2003-02-01
NCT05954637,2023-07-01,2024-03-01
NCT02629237,2022-03-01,2024-10-01
NCT02061683,2010-04-01,2011-06-01
NCT02558400,2015-09-01,2017-06-01
NCT05885022,2023-05-01,2025-04-01
NCT04214847,2012-02-01,2014-07-01
NCT05523622,2022-08-01,2023-12-01
NCT00981422,2007-06-01,2008-06-01
NCT04475900,2020-07-01,2022-07-01
NCT00708422,2008-07-01,2009-08-01
NCT01033422,2010-10-01,2017-04-01
NCT04295122,2020-03-01,2023-03-01
NCT05205122,2022-02-01,2023-01-01
NCT00382122,2006-09-01,2007-02-01
NCT00362622,2005-10-01,2008-01-01
NCT00856622,1997-08-01,1999-06-01
NCT01766947,2012-11-01,2014-03-01
NCT01491867,2011-12-01,2012-10-01
NCT01629407,2009-06-01,2013-05-01
NCT04796883,2015-06-01,2021-11-01
NCT03647033,2015-10-01,2017-08-01
NCT02613533,2010-02-01,2015-01-01
NCT01726543,2011-02-01,2014-12-01
NCT00670033,2008-04-01,2008-09-01
NCT05220007,2009-06-01,2021-10-01
NCT04781283,2021-11-01,2021-11-01
NCT04014933,2019-07-01,2021-12-01
NCT04143620,2016-07-01,2019-08-01
NCT01908816,2013-09-01,2016-01-01
NCT01612416,2010-11-01,2011-06-01
NCT04072016,2020-04-01,2022-11-01
NCT04524416,2020-08-01,2025-12-01
NCT00061516,2003-01-01,2006-02-01
NCT01229982,2010-10-01,2011-08-01
NCT01510145,2012-02-01,2013-05-01
NCT02570867,2015-06-01,2017-06-01
NCT00820300,2009-01-01,2009-12-01
NCT00902200,2009-05-01,2009-09-01
NCT04092400,2016-03-01,2020-12-01
NCT00522600,2007-02-01,2007-07-01
NCT00293800,2004-07-01,2005-12-01
NCT01433900,2012-05-01,2014-06-01
NCT04695314,2017-11-01,2020-11-01
NCT04577300,2021-05-01,2024-12-01
NCT04131114,2011-01-01,2021-12-01
NCT03080714,2017-03-01,2017-10-01
NCT01978600,2013-10-01,2014-03-01
NCT03107000,2017-09-01,2022-10-01
NCT00675207,2006-01-01,2007-07-01
NCT04339907,2020-05-01,2025-05-01
NCT01795014,2013-01-01,2013-04-01
NCT04036214,2019-08-01,2022-08-01
NCT00449956,2007-03-01,2008-02-01
NCT00275756,2008-09-01,2014-11-01
NCT04687800,2020-12-01,2022-10-01
NCT03733600,2018-06-01,2023-04-01
NCT00781300,2006-03-01,2007-02-01
NCT03090243,2017-04-01,2018-03-01
NCT05389267,2022-07-01,2023-06-01
NCT05717543,2023-01-01,2023-03-01
NCT03108443,2018-04-01,2025-05-01
NCT04061343,2018-11-01,2021-03-01
NCT03927443,2019-06-01,2019-07-01
NCT06053307,2024-01-01,2026-12-01
NCT00823043,2009-01-01,2009-07-01
NCT04521907,2011-05-01,2020-10-01
NCT01639807,2011-10-01,2014-12-01
NCT01364207,2010-11-01,2012-06-01
NCT04943107,2021-05-01,2022-12-01
NCT00300079,2006-09-01,2007-09-01
NCT04046809,2019-02-01,2022-01-01
NCT02522039,2014-05-01,2014-11-01
NCT00902109,2010-04-01,2016-12-01
NCT01983579,2013-10-01,2014-02-01
NCT02375009,2015-03-01,2018-09-01
NCT00327509,2004-01-01,2007-12-01
NCT04585100,2020-10-01,2023-06-01
NCT04647214,2021-03-01,2024-06-01
NCT05159414,2021-05-01,2023-01-01
NCT01168414,2010-08-01,2011-02-01
NCT01298700,2011-05-01,2016-12-01
NCT03686072,2014-02-01,2017-10-01
NCT00570362,2008-03-01,2008-10-01
NCT01252862,2010-12-01,2016-12-01
NCT04273438,2018-10-01,2020-12-01
NCT01845038,2013-04-01,2014-05-01
NCT04586738,2020-09-01,2021-12-01
NCT03852810,2019-02-01,2020-12-01
NCT02105272,2014-04-01,2015-03-01
NCT00751062,1992-11-01,1993-12-01
NCT00862472,2009-03-01,2009-06-01
NCT05247762,2022-02-01,2023-11-01
NCT04024072,2019-06-01,2020-04-01
NCT06016972,2024-01-01,2024-12-01
NCT00371072,2004-03-01,2005-11-01
NCT01408472,2011-04-01,2014-10-01
NCT04898387,2021-03-01,2023-05-01
NCT03654885,2018-10-01,2021-05-01
NCT03278587,2018-05-01,2020-03-01
NCT02876185,2016-04-01,2024-05-01
NCT03192085,2017-07-01,2018-07-01
NCT01528787,2012-03-01,2012-07-01
NCT04943185,2021-08-01,2024-09-01
NCT00981786,2009-08-01,2010-12-01
NCT00304785,2005-05-01,2007-10-01
NCT00693485,2008-09-01,2011-08-01
NCT01384487,2011-06-01,2011-11-01
NCT00607685,2008-02-01,2010-01-01
NCT01906151,2014-01-01,2014-03-01
NCT06016712,2023-08-01,2023-12-01
NCT04703712,2021-01-01,2024-12-01
NCT04434612,2020-06-01,2021-12-01
NCT02020512,2011-07-01,2012-12-01
NCT00321386,2003-12-01,2012-12-01
NCT01895686,2011-11-01,2012-11-01
NCT02327312,2014-12-01,2020-08-01
NCT00491712,2005-09-01,2007-06-01
NCT00651612,2005-11-01,2007-01-01
NCT00799682,2008-10-01,2011-02-01
NCT04232982,2020-01-01,2026-12-01
NCT01305616,2008-05-01,2010-01-01
NCT00402493,2006-12-01,2008-03-01
NCT02708082,2016-03-01,2016-09-01
NCT03098316,2017-01-01,2018-09-01
NCT05299593,2020-06-01,2022-06-01
NCT01174420,2009-11-01,2011-11-01
NCT00626782,2008-01-01,2011-04-01
NCT05163093,2020-11-01,2024-12-01
NCT03642782,2018-07-01,2023-12-01
NCT06076720,2023-10-01,2024-10-01
NCT00767793,2008-09-01,2009-05-01
NCT02679482,2014-09-01,2016-10-01
NCT01843920,2011-06-01,2013-04-01
NCT01228149,2010-08-01,2014-04-01
NCT01314326,2003-09-01,2015-05-01
NCT01318252,2011-06-01,2011-10-01
NCT04461249,2019-06-01,2020-04-01
NCT03267849,2017-07-01,2025-07-01
NCT02955849,2016-09-01,2019-12-01
NCT00961649,2009-10-01,2010-02-01
NCT05075226,2021-07-01,2022-08-01
NCT03972852,2019-06-01,2022-04-01
NCT03590249,2018-07-01,2023-12-01
NCT00306852,1999-10-01,2009-05-01
NCT01302249,2011-02-01,2011-12-01
NCT02784249,2016-06-01,2018-12-01
NCT04020705,2015-09-01,2019-03-01
NCT00272363,2005-12-01,2016-07-01
NCT02863705,2016-07-01,2018-07-01
NCT03548805,2018-08-01,2023-05-01
NCT02713152,2016-03-01,2017-09-01
NCT00603005,2007-10-01,2010-01-01
NCT00001152,1976-06-01,2000-06-01
NCT00570726,2000-06-01,2007-11-01
NCT03889652,2018-10-01,2019-03-01
NCT02959593,2017-01-01,2017-06-01
NCT06128720,2022-11-01,2024-12-01
NCT03257020,2015-08-01,2016-12-01
NCT01021982,2009-11-01,2013-01-01
NCT04118920,2023-03-01,2024-11-01
NCT03534882,2014-05-01,2017-06-01
NCT05624593,2022-11-01,2023-03-01
NCT05279716,2022-02-01,2023-11-01
NCT01357616,2010-11-01,2013-01-01
NCT02390245,2014-09-01,2020-08-01
NCT01012245,2000-01-01,2008-12-01
NCT05474716,2020-05-01,2022-07-01
NCT01709916,2012-11-01,2014-09-01
NCT00753168,2008-09-01,2008-12-01
NCT05822245,2023-05-01,2026-01-01
NCT05670015,2023-01-01,2023-09-01
NCT01693315,2012-09-01,2013-07-01
NCT01362868,2011-05-01,2011-11-01
NCT00762645,2007-02-01,2008-05-01
NCT00721968,2007-03-01,2012-08-01
NCT00804115,2000-08-01,2008-12-01
NCT01551550,2013-06-01,2019-08-01
NCT03844945,2019-03-01,2019-09-01
NCT05116345,2021-11-01,2023-11-01
NCT02993445,2014-09-01,2016-02-01
NCT01017068,2009-11-01,2010-02-01
NCT00523250,2007-09-01,2008-03-01
NCT02434250,2015-05-01,2016-11-01
NCT03506568,2020-10-01,2021-06-01
NCT03798145,2021-12-01,2024-12-01
NCT04110015,2020-10-01,2021-08-01
NCT01978015,2011-10-01,2013-01-01
NCT01535768,2012-02-01,2020-06-01
NCT04405245,2020-06-01,2020-11-01
NCT05062668,2021-10-01,2023-12-01
NCT01416415,2011-08-01,2013-06-01
NCT03125850,2017-08-01,2018-01-01
NCT01309204,2011-05-01,2013-01-01
NCT06023927,2023-12-01,2026-12-01
NCT05209204,2019-04-01,2020-01-01
NCT01319604,2011-03-01,2012-05-01
NCT02870504,2016-07-01,2017-12-01
NCT04673604,2018-05-01,2020-06-01
NCT01342406,2010-09-01,2013-11-01
NCT01460017,2011-11-01,2013-12-01
NCT03289806,2016-01-01,2018-01-01
NCT02247804,2014-12-01,2019-07-01
NCT03133117,2017-02-01,2018-05-01
NCT00751127,1993-01-01,1994-02-01
NCT04595227,2020-10-01,2021-10-01
NCT01493427,2011-12-01,2013-02-01
NCT01722604,2012-01-01,2012-09-01
NCT05973305,2017-04-01,2018-09-01
NCT05466526,2022-07-01,2023-06-01
NCT00486252,2007-06-01,2008-01-01
NCT02471105,2015-09-01,2017-12-01
NCT01987752,2009-01-01,2011-11-01
NCT01252849,2010-12-01,2019-10-01
NCT00709449,2008-05-01,2009-03-01
NCT02627352,2014-02-01,2017-08-01
NCT00853905,2009-02-01,2012-01-01
NCT01444105,2011-09-01,2019-04-01
NCT06078605,2022-09-01,2024-06-01
NCT00451152,2007-03-01,2009-07-01
NCT04455126,2018-04-01,2020-06-01
NCT03318705,2018-02-01,2018-03-01
NCT01462526,2011-03-01,2016-03-01
NCT02789293,2016-05-01,2019-10-01
NCT00047593,2000-01-01,2004-07-01
NCT01527682,2009-07-01,2016-11-01
NCT04417920,2017-07-01,2020-05-01
NCT03850782,2019-02-01,2025-08-01
NCT02526693,2014-06-01,2015-08-01
NCT04302220,2019-06-01,2023-06-01
NCT01067482,2009-09-01,2010-03-01
NCT05576493,2022-08-01,2023-12-01
NCT05654493,2023-12-01,2024-12-01
NCT00824720,2008-12-01,2009-04-01
NCT02639975,2015-12-01,2016-06-01
NCT04421859,2020-01-01,2022-06-01
NCT03587454,2016-08-01,2019-09-01
NCT01923454,2005-12-01,2007-06-01
NCT04563559,2020-11-01,2021-11-01
NCT03758859,2019-04-01,2019-10-01
NCT03751059,2020-11-01,2021-12-01
NCT00332059,2003-05-01,2004-09-01
NCT04868175,2019-10-01,2021-04-01
NCT05548959,2021-08-01,2022-07-01
NCT04215575,2014-01-01,2016-12-01
NCT03639675,2018-10-01,2019-03-01
NCT05992415,2024-07-01,2029-06-01
NCT06066645,2023-09-01,2025-11-01
NCT03365245,2015-08-01,2016-11-01
NCT05752045,2023-06-01,2024-03-01
NCT05451745,2011-01-01,2032-01-01
NCT02539745,2013-07-01,2015-03-01
NCT03967145,2019-05-01,2020-03-01
NCT02710916,2016-02-01,2018-12-01
NCT02084745,2014-05-01,2025-03-01
NCT00280345,2006-02-01,2009-05-01
NCT00308945,2003-11-01,2005-02-01
NCT04401982,2021-03-01,2022-02-01
NCT04296916,2020-04-01,2024-10-01
NCT00727168,2007-11-01,2008-02-01
NCT04354545,2021-04-01,2024-06-01
NCT05405868,2023-11-01,2026-11-01
NCT04635020,2020-10-01,2033-09-01
NCT00141882,1999-03-01,2006-08-01
NCT02835482,2016-04-01,2017-11-01
NCT04542616,2020-08-01,2025-08-01
NCT01053416,1993-01-01,2003-12-01
NCT04629521,2020-12-01,2023-04-01
NCT06078592,2021-10-01,2022-12-01
NCT05251792,2021-11-01,2024-12-01
NCT01020721,2008-09-01,2010-09-01
NCT00454025,2007-01-01,2011-05-01
NCT00527592,2007-05-01,2008-08-01
NCT03352492,2018-01-01,2021-02-01
NCT05557721,2023-10-01,2025-12-01
NCT01510392,2012-01-01,2017-02-01
NCT03104621,2013-03-01,2015-09-01
NCT02207621,2014-07-01,2016-03-01
NCT03766425,2017-06-01,2019-07-01
NCT00772330,2007-10-01,2017-01-01
NCT04465630,2020-06-01,2021-03-01
NCT05052242,2020-05-01,2021-09-01
NCT02822742,2016-07-01,2017-04-01
NCT00342342,2002-12-01,2020-04-01
NCT01794442,2013-01-01,2015-12-01
NCT02512042,2015-04-01,2016-05-01
NCT03373942,2014-08-01,2015-08-01
NCT01287442,2009-01-01,2010-12-01
NCT00346489,2004-09-01,2007-08-01
NCT00846989,2009-01-01,2009-04-01
NCT01936389,2013-09-01,2014-10-01
NCT05543889,2022-10-01,2023-09-01
NCT00061542,2003-01-01,2006-11-01
NCT01042665,2006-02-01,2009-12-01
NCT06000865,2023-10-01,2025-01-01
NCT02023242,2012-10-01,2018-01-01
NCT00934089,2010-01-01,2010-06-01
NCT00468988,2007-05-01,2007-07-01
NCT04863365,2021-11-01,2023-11-01
NCT05876689,2023-10-01,2024-12-01
NCT03800589,2010-12-01,2017-12-01
NCT00775489,2010-01-01,2010-07-01
NCT00567788,2006-07-01,2008-07-01
NCT01443988,2011-09-01,2017-04-01
NCT05241938,2021-09-01,2022-12-01
NCT01417689,2011-08-01,2012-03-01
NCT04700189,2020-12-01,2022-09-01
NCT04900142,2020-03-01,2022-06-01
NCT05162989,2021-11-01,2021-12-01
NCT00311389,2003-01-01,2004-09-01
NCT01956942,2013-08-01,2017-07-01
NCT01222065,2007-08-01,2011-03-01
NCT00444665,2007-05-01,2007-08-01
NCT04651530,2020-12-01,2026-12-01
NCT04129021,2019-07-01,2023-06-01
NCT05283031,2021-03-01,2022-09-01
NCT00405431,2004-03-01,2007-11-01
NCT00051142,2001-02-01,2004-06-01
NCT02613442,2017-04-01,2017-04-01
NCT05316142,2023-12-01,2024-12-01
NCT00956865,2002-09-01,2002-09-01
NCT04052165,2015-07-01,2020-08-01
NCT01687465,2012-11-01,2018-03-01
NCT03595865,2018-08-01,2020-06-01
NCT03609125,2018-03-01,2018-11-01
NCT04380025,2020-05-01,2021-05-01
NCT03293992,2017-10-01,2017-12-01
NCT04515030,2020-08-01,2022-10-01
NCT05113121,2021-08-01,2022-02-01
NCT04645992,2020-11-01,2021-02-01
NCT02047630,2014-01-01,2014-12-01
NCT01484392,2006-08-01,2013-12-01
NCT06120621,2023-01-01,2023-10-01
NCT04079725,2020-12-01,2022-03-01
NCT03611530,2017-09-01,2021-02-01
NCT04054830,2019-08-01,2023-07-01
NCT00326092,2006-05-01,2006-08-01
NCT04323930,2021-06-01,2023-12-01
NCT03870230,2017-12-01,2023-03-01
NCT00000125,1994-02-01,2019-06-01
NCT04896125,2019-10-01,2022-08-01
NCT03959592,2019-08-01,2021-11-01
NCT00741130,2008-07-01,2009-01-01
NCT04297930,2017-12-01,2019-12-01
NCT01749930,2013-01-01,2015-05-01
NCT03894631,2019-03-01,2024-01-01
NCT00406042,2005-09-01,2006-06-01
NCT00273442,2005-11-01,2007-04-01
NCT02785042,2016-06-01,2023-07-01
NCT04141865,2019-10-01,2022-02-01
NCT02598765,2016-03-01,2019-03-01
NCT04967989,2021-09-01,2027-08-01
NCT01105065,2010-03-01,2012-09-01
NCT03188042,2017-12-01,2022-10-01
NCT04460365,2017-10-01,2020-09-01
NCT00766389,2008-10-01,2009-02-01
NCT04702789,2021-10-01,2023-11-01
NCT02805231,2013-07-01,2015-03-01
NCT03966365,2019-05-01,2019-08-01
NCT05949242,2023-04-01,2024-10-01
NCT00347789,1997-05-01,2006-06-01
NCT02165631,2014-08-01,2016-03-01
NCT01864642,2013-07-01,2014-06-01
NCT05332665,2022-01-01,2022-12-01
NCT00576342,2007-12-01,2008-01-01
NCT02959242,2006-01-01,2026-12-01
NCT00638742,2008-05-01,2009-03-01
NCT02366065,2015-01-01,2016-05-01
NCT03928665,2012-10-01,2027-10-01
NCT06124521,2023-11-01,2026-11-01
NCT03187821,2012-09-01,2015-01-01
NCT06154330,2023-11-01,2023-12-01
NCT03394521,2015-10-01,2016-08-01
NCT00765921,2008-06-01,2016-09-01
NCT00838721,2008-03-01,2010-03-01
NCT04145830,2019-09-01,2020-11-01
NCT01409421,2011-04-01,2013-01-01
NCT06112431,2024-09-01,2029-09-01
NCT04918121,2021-07-01,2024-12-01
NCT05686421,2023-03-01,2023-04-01
NCT02901730,2016-09-01,2017-12-01
NCT04157530,2018-03-01,2019-11-01
NCT05235321,2022-11-01,2024-04-01
NCT00303121,2005-11-01,2006-06-01
NCT01228721,2009-01-01,2010-12-01
NCT03077789,2013-04-01,2023-04-01
NCT02599688,2015-11-01,2016-06-01
NCT00224289,2005-03-01,2009-04-01
NCT03494465,2019-05-01,2021-03-01
NCT04683289,2015-01-01,2020-09-01
NCT02928289,2017-01-01,2019-01-01
NCT01446588,2012-06-01,2012-12-01
NCT00573638,2005-02-01,2009-12-01
NCT03689088,2018-05-01,2018-09-01
NCT03323138,2012-07-01,2018-12-01
NCT01308788,2011-03-01,2012-10-01
NCT01906138,2013-07-01,2014-07-01
NCT04651231,2012-01-01,2014-10-01
NCT00346931,2004-12-01,2007-06-01
NCT01836042,2013-07-01,2014-04-01
NCT00758342,2006-05-01,2008-03-01
NCT06120842,2023-10-01,2027-06-01
NCT03268031,2017-08-01,2020-02-01
NCT00541242,2007-12-01,2008-08-01
NCT00716742,2004-09-01,2009-09-01
NCT03506542,2014-06-01,2017-03-01
NCT02014142,2013-12-01,2016-12-01
NCT02524431,2014-11-01,2016-01-01
NCT00384631,2006-04-01,2007-03-01
NCT03109665,2017-03-01,2017-11-01
NCT02108288,2014-04-01,2014-08-01
NCT03338088,2017-09-01,2017-12-01
NCT02862938,2016-06-01,2024-12-01
NCT01628588,2010-03-01,2010-12-01
NCT01410188,2011-09-01,2012-10-01
NCT01704989,2012-10-01,2015-12-01
NCT02014389,2013-12-01,2025-12-01
NCT00476138,2006-11-01,2008-07-01
NCT02162043,2014-11-01,2017-10-01
NCT01426867,2011-09-01,2011-11-01
NCT04406467,2017-11-01,2020-08-01
NCT01216943,2010-11-01,2012-08-01
NCT05041543,2021-03-01,2021-06-01
NCT02143843,2014-06-01,2016-01-01
NCT00300443,2005-12-01,2007-06-01
NCT04648943,2013-07-01,2016-11-01
NCT00707421,2005-07-01,2009-05-01
NCT00287521,2005-11-01,2006-02-01
NCT05156021,2021-12-01,2022-12-01
NCT00273221,2005-07-01,2006-07-01
NCT03715231,2019-06-01,2021-05-01
NCT01514721,2012-06-01,2013-11-01
NCT05328921,2022-04-01,2022-09-01
NCT01943721,2013-10-01,2014-06-01
NCT01769521,2012-10-01,2013-04-01
NCT02558712,2016-03-01,2017-09-01
NCT05906212,2023-05-01,2024-06-01
NCT01136473,2011-07-01,2014-09-01
NCT02874846,2016-07-01,2016-09-01
NCT00918346,2005-09-01,2006-04-01
NCT01525173,2012-01-01,2012-10-01
NCT04334473,2019-09-01,2020-04-01
NCT02129673,2014-05-01,2017-08-01
NCT01481077,2011-11-01,2012-09-01
NCT04632329,2020-10-01,2021-08-01
NCT03958929,2023-10-01,2024-01-01
NCT03648229,2019-09-01,2024-06-01
NCT02785029,2016-06-01,2023-07-01
NCT02614651,2016-05-01,2017-05-01
NCT02250612,2014-10-01,2016-01-01
NCT02822612,2016-05-01,2016-10-01
NCT04590651,2020-09-01,2023-12-01
NCT02474238,2015-05-01,2018-08-01
NCT00650338,2008-03-01,2008-10-01
NCT06144138,2024-05-01,2025-11-01
NCT00485238,2007-02-01,2008-12-01
NCT02623738,2015-12-01,2017-02-01
NCT02757677,2015-12-01,2019-12-01
NCT03466177,2018-03-01,2025-12-01
NCT05924477,2023-07-01,2027-12-01
NCT03933631,2019-05-01,2025-12-01
NCT03362931,2018-07-01,2022-03-01
NCT03921931,2018-11-01,2023-05-01
NCT01247831,2010-11-01,2011-08-01
NCT01026831,2010-01-01,2010-09-01
NCT02077231,2011-09-01,2013-09-01
NCT01669031,2012-08-01,2013-05-01
NCT05043831,2021-10-01,2023-04-01
NCT01540331,2009-06-01,2012-01-01
NCT05530031,2022-09-01,2023-06-01
NCT04426331,2017-05-01,2019-01-01
NCT05273385,2022-10-01,2024-12-01
NCT05035394,2021-09-01,2027-09-01
NCT02151318,2014-12-01,2016-08-01
NCT05104294,2020-02-01,2020-08-01
NCT01511094,2009-06-01,2012-01-01
NCT04234932,2020-01-01,2021-01-01
NCT01510132,2012-01-01,2012-01-01
NCT04562402,2020-08-01,2022-02-01
NCT01488032,2011-03-01,2011-11-01
NCT00773877,2008-10-01,2008-12-01
NCT06061718,2023-09-01,2025-07-01
NCT00152932,2005-05-01,2006-06-01
NCT05955118,2023-04-01,2024-04-01
NCT05543018,2022-09-01,2023-10-01
NCT02300818,2014-11-01,2016-12-01
NCT00767494,2008-10-01,2009-02-01
NCT04010994,2019-08-01,2020-12-01
NCT05973318,2017-04-01,2018-09-01
NCT05704777,2023-02-01,2024-12-01
NCT02226094,2013-11-01,2015-12-01
NCT00868894,2009-03-01,2010-06-01
NCT03235232,2021-02-01,2023-12-01
NCT05697094,2023-11-01,2024-12-01
NCT04064918,2021-12-01,2023-01-01
NCT05159960,2022-01-01,2025-11-01
NCT04536129,2019-11-01,2020-03-01
NCT05730478,2023-03-01,2024-01-01
NCT00557232,2006-11-01,2011-11-01
NCT00832832,2009-01-01,2011-01-01
NCT03417453,2019-04-01,2020-01-01
NCT02697318,2016-05-01,2018-01-01
NCT05264818,2022-05-01,2025-05-01
NCT01115218,2009-10-01,2012-03-01
NCT02325518,2014-12-01,2015-12-01
NCT00821002,2009-01-01,2009-11-01
NCT05913232,2023-08-01,2025-12-01
NCT01175902,2011-03-01,2014-10-01
NCT03187418,2017-06-01,2020-02-01
NCT00650702,2008-03-01,2009-02-01
NCT02868502,2016-09-01,2017-08-01
NCT01855802,2013-04-01,2013-10-01
NCT00811694,2006-10-01,2012-05-01
NCT02209961,2014-03-01,2016-06-01
NCT01737853,2011-02-01,2012-06-01
NCT05439161,2023-11-01,2025-12-01
NCT00448929,2007-01-01,2011-10-01
NCT00468429,2007-05-01,2007-12-01
NCT01767753,2012-11-01,2014-07-01
NCT01494753,2008-06-01,2008-12-01
NCT02388360,2013-05-01,2016-11-01
NCT00404729,2005-02-01,2006-07-01
NCT03021629,2013-07-01,2016-12-01
NCT00279253,2004-03-01,2005-01-01
NCT01682460,2012-08-01,2013-04-01
NCT04769453,2021-04-01,2023-01-01
NCT00913029,2009-05-01,2012-09-01
NCT00887029,2009-01-01,2009-11-01
NCT00481494,2007-05-01,2007-10-01
NCT01798732,2011-08-01,2014-11-01
NCT03150160,2017-09-01,2017-12-01
NCT04957329,2021-09-01,2026-12-01
NCT05371977,2022-05-01,2029-05-01
NCT01310777,2011-05-01,2013-01-01
NCT00967694,2009-08-01,2011-10-01
NCT03151577,2015-01-01,2023-05-01
NCT00906594,2007-09-01,2008-07-01
NCT00196677,2005-09-01,2008-10-01
NCT02656394,2016-01-01,2018-12-01
NCT03106532,2017-03-01,2018-05-01
NCT04318132,2020-01-01,2021-12-01
NCT01166594,2010-06-01,2013-12-01
NCT03402802,2019-09-01,2021-08-01
NCT01632423,2010-02-01,2010-11-01
NCT02628223,2014-09-01,2017-12-01
NCT04448223,2020-06-01,2022-12-01
NCT05563623,2022-08-01,2030-12-01
NCT03798223,2019-01-01,2025-05-01
NCT05726058,2023-03-01,2024-04-01
NCT00834223,2009-01-01,2010-05-01
NCT04943458,2021-09-01,2022-10-01
NCT00945958,2010-11-01,2012-06-01
NCT02862158,2016-08-01,2022-11-01
NCT05625958,2023-03-01,2026-06-01
NCT01471158,2010-09-01,2011-05-01
NCT00314158,2005-11-01,2007-01-01
NCT04254458,2018-03-01,2019-09-01
NCT03605823,2017-11-01,2019-11-01
NCT04000828,2019-05-01,2020-04-01
NCT05943184,2021-01-01,2023-12-01
NCT03138928,2015-01-01,2017-03-01
NCT00047528,2001-01-01,2003-11-01
NCT01301378,2010-08-01,2011-01-01
NCT05940623,2023-08-01,2025-12-01
NCT00524758,2007-07-01,2011-10-01
NCT06012058,2023-08-01,2025-02-01
NCT05557058,2022-09-01,2025-04-01
NCT00773123,2008-10-01,2008-12-01
NCT03391518,2017-02-01,2018-01-01
NCT04949802,2020-09-01,2021-12-01
NCT02945202,2017-01-01,2018-02-01
NCT01746602,2011-07-01,2015-01-01
NCT03483402,2016-12-01,2018-04-01
NCT00863018,2003-08-01,2009-01-01
NCT04396002,2019-06-01,2024-05-01
NCT02731118,2016-04-01,2020-12-01
NCT03927118,2018-02-01,2019-01-01
NCT01731002,2012-11-01,2013-05-01
NCT01272102,2010-11-01,2011-03-01
NCT03525132,2015-09-01,2020-09-01
NCT01461278,2011-12-01,2020-03-01
NCT03216902,2017-07-01,2018-02-01
NCT01229202,2008-07-01,2012-06-01
NCT01806402,2013-02-01,2013-08-01
NCT01987323,2013-01-01,2013-06-01
NCT00350428,2001-10-01,2007-10-01
NCT05449041,2023-01-01,2023-05-01
NCT02665884,2016-02-01,2017-02-01
NCT02700984,2016-03-01,2018-04-01
NCT04737928,2018-04-01,2019-01-01
NCT00869141,2009-03-01,2013-03-01
NCT03194828,2017-05-01,2018-07-01
NCT03604328,2018-07-01,2020-06-01
NCT00346541,2005-07-01,2006-06-01
NCT02604953,2014-07-01,2015-07-01
NCT01292460,2011-02-01,2012-09-01
NCT02982629,2013-03-01,2013-11-01
NCT00273429,2005-04-01,2005-12-01
NCT00680329,2008-05-01,2009-07-01
NCT05451329,2022-07-01,2022-12-01
NCT03145129,2017-03-01,2018-02-01
NCT05446077,2020-12-01,2021-03-01
NCT00193960,1997-01-01,2005-06-01
NCT01347229,2011-04-01,2012-04-01
NCT01217853,2010-08-01,2011-08-01
NCT03886753,2019-05-01,2020-06-01
NCT02822729,2016-07-01,2017-11-01
NCT03450629,2018-09-01,2020-12-01
NCT04352660,2016-05-01,2019-04-01
NCT01136460,2006-05-01,2020-05-01
NCT00061529,2003-01-01,2004-07-01
NCT00351429,2005-10-01,2006-05-01
NCT01517477,2012-01-01,2019-10-01
NCT01711177,2012-10-01,2013-03-01
NCT00799994,2004-10-01,2007-01-01
NCT05180994,2022-05-01,2028-03-01
NCT02228577,2014-08-01,2014-10-01
NCT00832377,2009-04-01,2010-03-01
NCT02090777,2014-05-01,2015-04-01
NCT02246777,2014-02-01,2016-10-01
NCT02141594,2013-08-01,2014-03-01
NCT00051194,2002-09-01,2003-07-01
NCT05206877,2022-04-01,2024-12-01
NCT00690794,2008-07-01,2009-05-01
NCT02356094,2015-01-01,2015-04-01
NCT00798694,2008-11-01,2011-02-01
NCT06071494,2023-10-01,2025-05-01
NCT03858894,2019-01-01,2019-06-01
NCT04647929,2020-12-01,2023-06-01
NCT00317577,1998-12-01,2004-05-01
NCT00551902,2007-09-01,2010-03-01
NCT05925894,2021-03-01,2022-01-01
NCT04433702,2020-10-01,2020-12-01
NCT00330577,2006-04-01,2007-07-01
NCT04141891,2019-12-01,2023-08-01
NCT01568008,2011-10-01,2012-09-01
NCT04242108,2019-01-01,2022-03-01
NCT02419508,2015-08-01,2018-02-01
NCT00143208,2003-05-01,2006-04-01
NCT00430209,2006-12-01,2013-12-01
NCT05790408,2020-08-01,2022-01-01
NCT00485108,2007-01-01,2014-12-01
NCT03560609,2018-11-01,2024-07-01
NCT00481208,2006-03-01,2006-11-01
NCT00901108,2009-11-01,2015-10-01
NCT02379208,2015-04-01,2020-05-01
NCT05626491,2023-02-01,2024-12-01
NCT03631108,2018-10-01,2019-06-01
NCT04271709,2019-09-01,2024-09-01
NCT02207491,2014-07-01,2015-03-01
NCT01217606,2011-01-01,2015-06-01
NCT03387306,2010-01-01,2017-04-01
NCT01125306,2009-06-01,2012-10-01
NCT05999006,2023-10-01,2025-10-01
NCT00652106,2003-06-01,2004-03-01
NCT05695027,2023-03-01,2028-01-01
NCT02017327,2013-12-01,2016-07-01
NCT00803504,2006-11-01,2007-08-01
NCT04440527,2020-07-01,2024-07-01
NCT05022004,2021-12-01,2023-01-01
NCT01297517,2011-02-01,2012-03-01
NCT03931317,2018-12-01,2023-03-01
NCT05566626,2022-10-01,2023-12-01
NCT04676126,2021-05-01,2022-05-01
NCT02867527,2014-01-01,2029-01-01
NCT01749904,2013-01-01,2015-09-01
NCT00538304,2007-11-01,2008-05-01
NCT00069706,2003-07-01,2003-10-01
NCT01254604,2011-12-01,2013-05-01
NCT01346904,2011-05-01,2012-12-01
NCT06135727,2023-11-01,2025-12-01
NCT00372827,2004-02-01,2006-01-01
NCT05111106,2016-10-01,2018-12-01
NCT01927406,2014-06-01,2016-12-01
NCT00706927,2006-01-01,2010-09-01
NCT04890106,2021-10-01,2022-08-01
NCT05042609,2021-09-01,2023-06-01
NCT04857827,2021-09-01,2022-08-01
NCT04920227,2020-09-01,2023-08-01
NCT01253109,2010-09-01,2011-11-01
NCT01915706,2013-09-01,2017-09-01
NCT02526706,2015-08-01,2016-10-01
NCT04773106,2020-02-01,2023-02-01
NCT03445806,2018-02-01,2021-03-01
NCT05527106,2015-03-01,2022-05-01
NCT02628327,2015-06-01,2016-06-01
NCT01255306,2010-04-01,2011-12-01
NCT02776449,2016-02-01,2016-06-01
NCT00140049,2005-07-01,2006-07-01
NCT03750149,2018-01-01,2021-01-01
NCT02742649,2016-04-01,2016-12-01
NCT04178863,2018-07-01,2019-12-01
NCT00744705,2008-09-01,2008-12-01
NCT03691649,2018-09-01,2020-09-01
NCT03014349,2016-01-01,2016-11-01
NCT02990663,2016-12-01,2023-12-01
NCT06054763,2023-10-01,2024-12-01
NCT01452009,2011-11-01,2011-12-01
NCT00338208,2003-10-01,2011-12-01
NCT03233308,2017-10-01,2018-04-01
NCT04610008,2020-12-01,2021-01-01
NCT05539508,2022-10-01,2027-07-01
NCT05564091,2022-09-01,2024-03-01
NCT01564108,2012-05-01,2014-06-01
NCT05115708,2021-11-01,2024-11-01
NCT01719809,2012-10-01,2015-06-01
NCT01188291,2007-09-01,2009-01-01
NCT01262209,2011-05-01,2015-08-01
NCT01227291,2010-10-01,2012-09-01
NCT04495491,2020-07-01,2021-03-01
NCT04630808,2020-11-01,2025-09-01
NCT01291108,2011-04-01,2011-10-01
NCT02828891,2016-07-01,2018-12-01
NCT02765308,2013-08-01,2016-12-01
NCT00966108,2009-08-01,2010-01-01
NCT01881126,2013-06-01,2014-10-01
NCT04622605,2017-06-01,2021-12-01
NCT02988752,2016-10-01,2017-11-01
NCT05690152,2023-01-01,2025-12-01
NCT01687426,2012-09-01,2012-12-01
NCT04342052,2011-01-01,2024-12-01
NCT05626426,2023-02-01,2024-12-01
NCT03965052,2019-04-01,2019-08-01
NCT02531152,2015-09-01,2016-04-01
NCT05231252,2021-06-01,2022-01-01
NCT02622191,2012-11-01,2013-12-01
NCT01020071,2009-04-01,2010-04-01
NCT02121171,2010-09-01,2015-09-01
NCT00076271,2004-01-01,2008-10-01
NCT01051739,2010-07-01,2015-09-01
NCT01284439,2011-01-01,2012-02-01
NCT02612571,2015-07-01,2016-07-01
NCT00867971,2009-02-01,2010-10-01
NCT01461291,2012-01-01,2018-10-01
NCT05236439,2022-05-01,2026-03-01
NCT03529591,2018-06-01,2021-05-01
NCT05583591,2022-10-01,2025-10-01
NCT00347191,2006-01-01,2006-06-01
NCT01064505,2010-02-01,2013-04-01
NCT05160805,2022-05-01,2024-10-01
NCT01300949,2010-01-01,2014-04-01
NCT04161963,2019-03-01,2021-12-01
NCT00230763,2005-09-01,2007-10-01
NCT01384149,2011-09-01,2012-01-01
NCT04761705,2021-03-01,2023-07-01
NCT02653963,2014-09-01,2016-12-01
NCT01802463,2013-01-01,2014-01-01
NCT03318549,2018-10-01,2023-12-01
NCT02972749,2016-11-01,2017-12-01
NCT05044793,2021-09-01,2023-12-01
NCT06030193,2024-05-01,2025-03-01
NCT01281020,2009-05-01,2011-07-01
NCT01297920,2011-03-01,2012-06-01
NCT04024293,2023-11-01,2024-03-01
NCT02006693,2013-12-01,2017-01-01
NCT03478293,2018-02-01,2020-12-01
NCT00772993,2008-10-01,2008-12-01
NCT04245163,2021-06-01,2021-09-01
NCT01931904,2014-02-01,2026-05-01
NCT00108017,2005-04-01,2006-07-01
NCT01774227,2013-05-01,2020-01-01
NCT04075227,2015-10-01,2019-03-01
NCT02873806,2013-03-01,2019-11-01
NCT05352906,2022-04-01,2023-01-01
NCT00761709,2009-07-01,2009-10-01
NCT02624427,2015-12-01,2016-11-01
NCT05315206,2022-01-01,2024-04-01
NCT00047606,2002-08-01,2003-11-01
NCT01965106,2013-12-01,2015-07-01
NCT02914509,2016-11-01,2019-03-01
NCT04035239,2019-07-01,2022-03-01
NCT05801471,2022-05-01,2025-11-01
NCT05902871,2023-06-01,2024-12-01
NCT01493271,2011-12-01,2012-11-01
NCT01087671,2010-04-01,2010-10-01
NCT01062971,2006-02-01,2008-06-01
NCT02730871,2016-06-01,2018-07-01
NCT02003391,2013-12-01,2015-05-01
NCT04747808,2021-01-01,2021-02-01
NCT01925391,2013-01-01,2014-05-01
NCT01191008,2010-10-01,2015-05-01
NCT00687791,2007-12-01,2008-12-01
NCT02179008,2014-06-01,2015-01-01
NCT00596791,2008-01-01,2008-08-01
NCT02658071,2016-03-01,2018-09-01
NCT04037917,2020-12-01,2023-07-01
NCT03558126,2013-03-01,2016-10-01
NCT00972426,2009-10-01,2010-08-01
NCT02801617,2015-09-01,2017-07-01
NCT00382226,2006-09-01,2007-08-01
NCT05159817,2021-12-01,2024-12-01
NCT01319617,2011-01-01,2011-11-01
NCT00878917,2009-04-01,2010-02-01
NCT00707226,2000-11-01,2001-12-01
NCT02914626,2016-10-01,2018-10-01
NCT00347126,2006-04-01,2008-04-01
NCT00262626,1995-02-01,1995-06-01
NCT02891317,2017-05-01,2017-06-01
NCT03567226,2018-06-01,2018-11-01
NCT05973617,2022-12-01,2023-06-01
NCT04515017,2020-09-01,2021-08-01
NCT01864317,2015-11-01,2015-12-01
NCT03612817,2017-01-01,2018-07-01
NCT00691717,2008-06-01,2009-09-01
NCT01027039,2008-06-01,2009-09-01
NCT04719871,2020-10-01,2021-11-01
NCT01330979,2011-05-01,2012-08-01
NCT04005079,2019-06-01,2021-01-01
NCT01539239,2012-01-01,2020-06-01
NCT00759239,2008-09-01,2011-01-01
NCT04846179,2021-05-01,2022-09-01
NCT01664039,2012-09-01,2014-06-01
NCT01303939,2010-08-01,2013-08-01
NCT01711879,2013-01-01,2015-10-01
NCT01390779,2011-07-01,2012-05-01
NCT00466479,1999-08-01,2002-10-01
NCT01060579,2010-02-01,2010-08-01
NCT04220879,2019-11-01,2020-11-01
NCT00326079,2004-08-01,2013-05-01
NCT00570479,2006-09-01,2010-03-01
NCT02656979,2013-12-01,2019-09-01
NCT02097979,2007-07-01,2013-06-01
NCT04452279,2018-05-01,2019-08-01
NCT04709679,2021-01-01,2021-10-01
NCT03047239,2023-06-01,2023-06-01
NCT01868126,2013-05-01,2013-09-01
NCT00539526,2007-09-01,2008-09-01
NCT01742104,2012-03-01,2015-04-01
NCT02609204,2014-11-01,2016-02-01
NCT01151904,2009-11-01,2012-02-01
NCT00855517,2009-03-01,2009-07-01
NCT04596826,2020-11-01,2023-10-01
NCT01369771,2010-08-01,2012-06-01
NCT01658839,2013-01-01,2013-07-01
NCT02627339,2012-08-01,2015-08-01
NCT03210571,2018-05-01,2020-10-01
NCT00314171,2005-10-01,2007-08-01
NCT05232539,2022-05-01,2023-12-01
NCT00760539,2008-06-01,2008-12-01
NCT02659709,2015-06-01,2016-10-01
NCT00804063,2008-12-01,2013-07-01
NCT00735449,2008-07-01,2009-12-01
NCT04899063,2021-05-01,2025-06-01
NCT05895617,2023-01-01,2023-04-01
NCT00168363,2005-01-01,2006-08-01
NCT01210963,2010-09-01,2011-02-01
NCT05900063,2018-01-01,2020-06-01
NCT02396316,2015-04-01,2016-09-01
NCT05432245,2023-01-01,2025-07-01
NCT04609345,2020-11-01,2021-05-01
NCT02639845,2013-11-01,2017-06-01
NCT00698945,2008-06-01,2008-11-01
NCT01064817,2010-06-01,2012-11-01
NCT00751049,1992-12-01,1993-12-01
NCT05446363,2022-08-01,2023-04-01
NCT01254149,2011-01-01,2012-04-01
NCT00333463,2006-06-01,2007-09-01
NCT00376363,2005-11-01,2014-10-01
NCT01633775,2007-12-01,2012-01-01
NCT03419975,2016-04-01,2018-06-01
NCT03626675,2018-10-01,2020-03-01
NCT00168350,2000-03-01,2006-09-01
NCT02102750,2014-06-01,2017-07-01
NCT01370850,2011-03-01,2011-04-01
NCT00334750,2007-11-01,2009-04-01
NCT00332345,1999-07-01,1999-08-01
NCT01560975,2012-03-01,2012-11-01
NCT03868254,2019-04-01,2019-10-01
NCT05575154,2022-12-01,2023-12-01
NCT01297803,2010-11-01,2011-12-01
NCT01126203,2006-09-01,2009-10-01
NCT03850054,2019-03-01,2021-09-01
NCT03748654,2022-01-01,2023-07-01
NCT04682054,2021-01-01,2021-12-01
NCT02144103,2014-05-01,2019-01-01
NCT04888156,2021-05-01,2022-02-01
NCT00651859,2002-11-01,2004-01-01
NCT02235454,2014-11-01,2016-08-01
NCT04615403,2020-11-01,2022-02-01
NCT01162603,2011-03-01,2012-04-01
NCT02600403,2011-10-01,2013-01-01
NCT05130554,2021-11-01,2022-09-01
NCT02313259,2012-02-01,2015-02-01
NCT03822559,2019-01-01,2023-04-01
NCT05352854,2022-05-01,2022-08-01
NCT00912054,2010-03-01,2011-05-01
NCT02585375,2015-09-01,2023-09-01
NCT02057575,2014-01-01,2014-06-01
NCT02868190,2013-03-01,2019-11-01
NCT05542290,2023-03-01,2025-10-01
NCT00719290,2008-07-01,2015-08-01
NCT01920867,2012-08-01,2020-07-01
NCT05605743,2022-09-01,2023-01-01
NCT00825890,2009-01-01,2013-03-01
NCT02448875,2013-06-01,2017-06-01
NCT00047554,2003-05-01,2012-06-01
NCT00538590,2007-07-01,2010-08-01
NCT01023997,2008-01-01,2013-01-01
NCT02764697,2016-06-01,2016-12-01
NCT05150197,2022-01-01,2024-01-01
NCT03131167,2017-05-01,2018-05-01
NCT01455467,2011-09-01,2019-10-01
NCT04944290,2021-05-01,2022-06-01
NCT02014597,2015-05-01,2017-08-01
NCT02839590,2016-07-01,2017-12-01
NCT01243567,2010-06-01,2012-02-01
NCT04703959,2021-01-01,2022-01-01
NCT05400759,2007-11-01,2019-12-01
NCT01580254,2011-06-01,2012-07-01
NCT03201354,2012-02-01,2016-06-01
NCT00739154,2008-11-01,2010-12-01
NCT05673954,2023-01-01,2024-02-01
NCT04164459,2018-12-01,2020-02-01
NCT02674854,2016-02-01,2017-03-01
NCT04670575,2020-12-01,2021-07-01
NCT00792259,2008-10-01,2008-11-01
NCT05593354,2023-05-01,2025-12-01
NCT00798759,2008-12-01,2009-05-01
NCT03114059,2017-02-01,2020-04-01
NCT00716859,2008-07-01,2009-11-01
NCT02617459,2019-01-01,2021-07-01
NCT01166659,2010-02-01,2014-05-01
NCT04619654,2021-02-01,2022-06-01
NCT02042703,2014-02-01,2015-09-01
NCT00957190,2009-05-01,2012-02-01
NCT04454190,2021-07-01,2024-04-01
NCT04709497,2021-03-01,2023-07-01
NCT00800267,1997-07-01,1999-06-01
NCT00620256,2007-11-01,2008-07-01
NCT04003090,2018-03-01,2019-01-01
NCT01711190,2012-01-01,2012-12-01
NCT02444767,2015-03-01,2015-04-01
NCT05165290,2021-11-01,2022-09-01
NCT00478790,2007-02-01,2011-10-01
NCT00950690,2005-07-01,2007-12-01
NCT01957267,2013-09-01,2026-05-01
NCT03657797,2018-08-01,2019-08-01
NCT04503590,2019-05-01,2022-08-01
NCT04303897,2019-12-01,2022-03-01
NCT03016156,2018-03-01,2026-07-01
NCT04503356,2018-04-01,2021-12-01
NCT02328456,2014-12-01,2015-11-01
NCT02526654,2014-12-01,2015-07-01
NCT01312454,2011-06-01,2012-01-01
NCT05498103,2023-01-01,2023-08-01
NCT01159756,2010-07-01,2011-11-01
NCT01886456,2013-02-01,2017-02-01
NCT01922154,2009-02-01,2012-12-01
NCT00343603,2004-10-01,2011-01-01
NCT01883856,2012-02-01,2018-08-01
NCT05875090,2023-04-01,2023-12-01
NCT05898997,2023-06-01,2024-06-01
NCT02846090,2016-08-01,2017-01-01
NCT01456390,2011-09-01,2019-03-01
NCT02744690,2015-03-01,2019-03-01
NCT03076697,2015-04-01,2028-08-01
NCT02355990,2015-02-01,2020-12-01
NCT05674890,2023-01-01,2025-12-01
NCT01111890,2010-04-01,2011-07-01
NCT00928590,2009-07-01,2010-11-01
NCT06045390,2023-10-01,2024-09-01
NCT00701597,2007-04-01,2007-10-01
NCT00854256,2009-04-01,2014-05-01
NCT03220490,2017-11-01,2022-11-01
NCT04931290,2021-04-01,2022-02-01
NCT02054403,2014-04-01,2015-10-01
NCT00061503,2003-04-01,2004-03-01
NCT00320203,2006-03-01,2008-01-01
NCT05136950,2021-12-01,2033-07-01
NCT00047515,2001-01-01,2003-12-01
NCT01840215,2013-02-01,2014-12-01
NCT01818115,2011-01-01,2015-11-01
NCT02287545,2013-02-01,2015-02-01
NCT04593745,2018-07-01,2024-07-01
NCT02231515,2014-04-01,2016-06-01
NCT02647515,2013-01-01,2014-12-01
NCT04671550,2020-11-01,2021-12-01
NCT02855450,2016-12-01,2018-05-01
NCT04116450,2017-06-01,2019-05-01
NCT03488550,2018-03-01,2018-08-01
NCT01733550,2012-11-01,2013-04-01
NCT01677507,2012-08-01,2016-08-01
NCT00453024,2007-02-01,2008-03-01
NCT01025024,2007-01-01,2009-11-01
NCT01898624,2012-12-01,2018-01-01
NCT00551395,2007-09-01,2009-01-01
NCT02655432,2016-01-01,2016-06-01
NCT06144918,2023-11-01,2024-10-01
NCT05506423,2022-08-01,2025-12-01
NCT05039684,2021-10-01,2023-12-01
NCT01887223,2010-05-01,2011-06-01
NCT01087684,2004-12-01,2008-12-01
NCT01840202,2013-02-01,2014-12-01
NCT00940823,2005-07-01,2015-04-01
NCT05231928,2021-12-01,2023-02-01
NCT03584958,2018-08-01,2023-06-01
NCT01105923,2010-05-01,2017-11-01
NCT00323284,2005-06-01,2010-03-01
NCT00332384,2000-01-01,2001-11-01
NCT00444184,2007-03-01,2008-01-01
NCT01430923,2011-09-01,2012-08-01
NCT01417858,2010-11-01,2012-07-01
NCT03423758,2017-05-01,2023-01-01
NCT04602923,2020-11-01,2025-12-01
NCT02390284,2015-09-01,2024-07-01
NCT03912584,2019-04-01,2019-04-01
NCT00494923,1999-01-01,2020-12-01
NCT01507584,2011-08-01,2013-04-01
NCT04037384,2019-08-01,2023-08-01
NCT01230736,2010-10-01,2011-02-01
NCT00848536,2009-03-01,2010-01-01
NCT00527501,2007-08-01,2007-12-01
NCT00559234,2007-11-01,2008-10-01
NCT05503901,2022-08-01,2024-01-01
NCT01849536,2013-01-01,2013-10-01
NCT00332436,1999-12-01,2001-11-01
NCT04205201,2018-06-01,2019-10-01
NCT03651336,2018-08-01,2022-04-01
NCT05253534,2022-03-01,2024-12-01
NCT04784234,2021-02-01,2023-12-01
NCT04038034,2019-09-01,2021-08-01
NCT05536401,2022-09-01,2022-09-01
NCT04735601,2021-10-01,2022-12-01
NCT04285580,2020-06-01,2022-05-01
NCT01896180,2013-07-01,2014-01-01
NCT04947124,2021-10-01,2022-08-01
NCT05147701,2022-02-01,2026-01-01
NCT03338101,2017-07-01,2017-10-01
NCT01879501,2013-01-01,2015-01-01
NCT02050880,2014-01-01,2014-06-01
NCT05703724,2023-03-01,2023-05-01
NCT01628601,2010-05-01,2011-06-01
NCT04132401,2021-05-01,2023-09-01
NCT05269680,2022-07-01,2026-07-01
NCT04448080,2020-06-01,2020-12-01
NCT06174324,2021-10-01,2024-09-01
NCT00443924,2007-03-01,2009-04-01
NCT03750201,2018-10-01,2022-05-01
NCT06000280,2021-01-01,2023-03-01
NCT03310580,2017-11-01,2018-10-01
NCT00644280,2008-04-01,2011-01-01
NCT01561001,2012-04-01,2013-03-01
NCT03086980,2017-08-01,2019-12-01
NCT02875158,2016-08-01,2023-08-01
NCT00221923,2002-09-01,2022-07-01
NCT01170884,2009-12-01,2010-09-01
NCT01391078,2011-06-01,2012-02-01
NCT04553523,2020-08-01,2027-01-01
NCT02339584,2015-04-01,2016-11-01
NCT03931564,2020-02-01,2024-07-01
NCT02917564,2020-10-01,2024-12-01
NCT03624361,2018-05-01,2021-09-01
NCT03274323,2018-01-01,2018-01-01
NCT04530084,2020-08-01,2021-12-01
NCT04088084,2015-03-01,2017-12-01
NCT00801658,2008-01-01,2009-07-01
NCT02199158,2012-07-01,2013-01-01
NCT01052558,2010-01-01,2013-12-01
NCT02405884,2014-01-01,2014-10-01
NCT01779284,2012-01-01,2013-01-01
NCT00847158,2006-12-01,2008-03-01
NCT04878458,2021-05-01,2025-06-01
NCT04060758,2020-03-01,2023-08-01
NCT06139523,2023-12-01,2025-12-01
NCT01654484,2012-07-01,2012-11-01
NCT02177123,2014-04-01,2017-11-01
NCT06158984,2023-12-01,2024-07-01
NCT05844384,2022-03-01,2024-03-01
NCT03804684,2019-01-01,2020-10-01
NCT02045823,2014-01-01,2014-03-01
NCT02247284,2015-03-01,2019-12-01
NCT00756184,2007-09-01,2009-09-01
NCT03065036,2010-03-01,2014-02-01
NCT01514734,2012-03-01,2012-08-01
NCT00647101,2003-12-01,2005-02-01
NCT02901236,2014-01-01,2016-01-01
NCT02858284,2016-07-01,2018-08-01
NCT03267134,2017-08-01,2022-12-01
NCT01037036,2009-12-01,2010-07-01
NCT02036541,2013-01-01,2016-08-01
NCT05876936,2013-12-01,2015-07-01
NCT04547036,2020-01-01,2021-04-01
NCT00397241,2006-09-01,2007-12-01
NCT05871034,2023-05-01,2024-12-01
NCT02003534,2010-07-01,2013-02-01
NCT01263834,2010-12-01,2014-01-01
NCT05964634,2023-08-01,2025-01-01
NCT00788541,2008-12-01,2009-09-01
NCT03551834,2017-01-01,2018-09-01
NCT00800540,2009-02-01,2012-01-01
NCT05426044,2022-07-01,2025-12-01
NCT04447157,2016-07-01,2020-06-01
NCT04921098,2021-07-01,2022-04-01
NCT00796198,2008-12-01,2009-07-01
NCT00972257,2009-01-01,2009-09-01
NCT00449098,2007-01-01,2011-10-01
NCT01145898,2010-06-01,2012-10-01
NCT00306657,2006-03-01,2012-12-01
NCT03052257,2017-08-01,2021-03-01
NCT06058598,2023-10-01,2027-06-01
NCT05151757,2021-11-01,2022-04-01
NCT00428740,2005-10-01,2005-12-01
NCT05624398,2022-12-01,2024-06-01
NCT03924544,2019-09-01,2022-01-01
NCT04172857,2015-05-01,2019-01-01
NCT02852057,2018-01-01,2021-08-01
NCT02136940,2014-04-01,2014-12-01
NCT00326040,2003-04-01,2007-08-01
NCT00284440,2006-03-01,2011-06-01
NCT01444040,2011-09-01,2019-03-01
NCT00452998,2006-11-01,2007-12-01
NCT01547598,2011-12-01,2013-07-01
NCT03949244,2019-08-01,2020-10-01
NCT02641457,2014-03-01,2015-10-01
NCT04499157,2020-08-01,2023-08-01
NCT00705757,2008-03-01,2011-04-01
NCT03255798,2017-08-01,2019-06-01
NCT05581498,2024-01-01,2027-01-01
NCT00332540,2001-08-01,2003-08-01
NCT02016898,2014-03-01,2017-01-01
NCT04337944,2020-04-01,2025-03-01
NCT04994457,2021-09-01,2023-12-01
NCT00369057,2006-02-01,2008-02-01
NCT02053298,2014-01-01,2015-05-01
NCT01518244,2011-12-01,2013-02-01
NCT00691340,2008-06-01,2011-08-01
NCT04828057,2021-09-01,2022-08-01
NCT01177098,2010-10-01,2012-02-01
NCT00629044,2007-11-01,2011-01-01
NCT00803998,1994-02-01,2006-12-01
NCT04624698,2020-09-01,2026-05-01
NCT02743780,2016-03-01,2016-09-01
NCT00683501,2007-10-01,2008-10-01
NCT05271734,2021-06-01,2022-08-01
NCT02526680,2014-05-01,2015-08-01
NCT02031380,2014-04-01,2014-12-01
NCT01976624,2009-08-01,2014-01-01
NCT00824824,2009-01-01,2012-08-01
NCT04673201,2020-11-01,2021-06-01
NCT00304824,2004-10-01,2005-11-01
NCT02748824,2016-07-01,2017-10-01
NCT00595101,2007-12-01,2008-06-01
NCT04770324,2021-02-01,2024-03-01
NCT01464424,2011-10-01,2012-06-01
NCT00911924,2009-05-01,2013-09-01
NCT01915680,2013-06-01,2013-09-01
NCT01209624,2006-08-01,2009-09-01
NCT01841580,2013-11-01,2018-10-01
NCT00379834,2006-09-01,2008-04-01
NCT03868124,2018-09-01,2024-06-01
NCT00478036,2007-05-01,2014-01-01
NCT03164941,2017-07-01,2020-12-01
NCT03274024,2016-09-01,2020-10-01
NCT02863224,2016-08-01,2018-09-01
NCT03057301,2016-04-01,2017-03-01
NCT02594280,2018-02-01,2019-05-01
NCT00444080,2006-10-01,2012-01-01
NCT01668524,2012-08-01,2012-08-01
NCT05456724,2022-08-01,2024-07-01
NCT01857440,2013-05-01,2015-12-01
NCT05710198,2023-04-01,2027-04-01
NCT02666144,2016-02-01,2016-03-01
NCT05401357,2022-06-01,2022-12-01
NCT00892398,2009-03-01,2014-03-01
NCT00277498,2005-12-01,2007-06-01
NCT01379144,2003-01-01,2003-04-01
NCT01739244,2012-07-01,2013-05-01
NCT00155857,2003-07-01,2007-07-01
NCT04758598,2021-03-01,2022-05-01
NCT00694876,2008-06-01,2010-10-01
NCT01391676,2011-03-01,2011-12-01
NCT05747781,2023-03-01,2027-03-01
NCT03901781,2019-10-01,2022-05-01
NCT00767481,2008-10-01,2009-02-01
NCT01022281,2007-09-01,2012-12-01
NCT02548676,2015-09-01,2016-11-01
NCT01097174,2009-12-01,2015-07-01
NCT01442896,2011-09-01,2015-12-01
NCT00382395,2005-11-01,2017-07-01
NCT05325996,2022-04-01,2025-08-01
NCT00329095,2005-12-01,2006-04-01
NCT00652496,2005-01-01,2005-05-01
NCT00219596,2005-06-01,2006-09-01
NCT02290795,2014-11-01,2016-08-01
NCT00742196,2008-09-01,2009-03-01
NCT00457795,2006-12-01,2009-02-01
NCT01001195,2009-11-01,2010-04-01
NCT00757835,2008-05-01,2009-03-01
NCT02829996,2016-08-01,2017-05-01
NCT02754596,2016-03-01,2020-07-01
NCT03610295,2018-08-01,2019-03-01
NCT05583474,2022-09-01,2024-04-01
NCT00597181,2007-11-01,2010-08-01
NCT00376974,2005-03-01,2006-05-01
NCT04508881,2018-09-01,2020-01-01
NCT06000176,2022-04-01,2023-07-01
NCT01707381,2012-11-01,2014-02-01
NCT05344274,2022-05-01,2026-09-01
NCT00273481,2005-09-01,2007-04-01
NCT01099774,2010-05-01,2011-04-01
NCT02292381,2014-04-01,2016-11-01
NCT02964676,2017-01-01,2019-12-01
NCT04486976,2020-06-01,2021-03-01
NCT02558374,2015-09-01,2016-12-01
NCT02348476,2014-11-01,2015-04-01
NCT03159481,2018-07-01,2022-12-01
NCT04007276,2025-11-01,2035-06-01
NCT00051181,2000-01-01,2003-06-01
NCT05773976,2022-02-01,2024-07-01
NCT04360369,2020-10-01,2021-04-01
NCT02272569,2014-09-01,2019-07-01
NCT00874913,2006-09-01,2014-01-01
NCT03762369,2018-12-01,2022-05-01
NCT01979913,2013-10-01,2014-09-01
NCT03797469,2019-04-01,2020-12-01
NCT00579969,2003-12-01,2008-10-01
NCT03861169,2019-02-01,2020-12-01
NCT05089474,2021-03-01,2023-04-01
NCT01315574,2011-02-01,2013-12-01
NCT00324181,2006-06-01,2010-06-01
NCT05299281,2020-01-01,2021-07-01
NCT00822081,2005-01-01,2006-04-01
NCT00810381,1999-01-01,1999-06-01
NCT03106181,2018-02-01,2022-12-01
NCT03904381,2016-01-01,2025-01-01
NCT02674074,2011-06-01,2013-09-01
NCT00441181,2008-01-01,2008-12-01
NCT02613013,2015-10-01,2022-04-01
NCT02358369,2015-01-01,2015-10-01
NCT00546013,2001-12-01,2002-07-01
NCT06176170,2023-12-01,2025-12-01
NCT02984813,2016-04-01,2017-01-01
NCT02271269,2014-11-01,2017-02-01
NCT05500469,2022-10-01,2026-08-01
NCT02394613,2015-05-01,2016-08-01
NCT05521334,2021-03-01,2022-04-01
NCT02622334,2015-12-01,2016-07-01
NCT03193736,2017-06-01,2019-11-01
NCT00572936,2006-03-01,2009-11-01
NCT05850936,2023-06-01,2025-04-01
NCT01789736,2013-02-01,2013-06-01
NCT02656836,2015-11-01,2016-04-01
NCT03333096,2017-12-01,2019-01-01
NCT05606796,2022-12-01,2023-09-01
NCT04972435,2014-01-01,2015-12-01
NCT03304535,2016-01-01,2017-08-01
NCT00981435,2009-09-01,2015-09-01
NCT03057496,2018-01-01,2019-12-01
NCT02167035,2014-08-01,2018-03-01
NCT01370135,2008-11-01,2011-07-01
NCT03491735,2018-01-01,2018-12-01
NCT00941096,2009-07-01,2010-11-01
NCT00424996,2006-08-01,2013-12-01
NCT03961035,2018-10-01,2019-01-01
NCT01263535,2010-09-01,2012-05-01
NCT04620135,2020-11-01,2021-07-01
NCT03292796,2016-12-01,2020-07-01
NCT01110499,2010-06-01,2011-06-01
NCT00794170,2008-08-01,2010-09-01
NCT01937299,2013-10-01,2014-04-01
NCT01145911,2008-01-01,2014-07-01
NCT01495299,2011-12-01,2012-10-01
NCT05278299,2021-10-01,2023-09-01
NCT00912470,2007-05-01,2014-11-01
NCT01128699,2010-05-01,2011-07-01
NCT00917670,2009-05-01,2009-12-01
NCT00845299,2009-01-01,2009-12-01
NCT00705770,2008-05-01,2008-07-01
NCT01833741,2009-12-01,2011-03-01
NCT00153699,2004-09-01,2007-07-01
NCT00760240,2008-09-01,2009-09-01
NCT05411198,2022-07-01,2025-08-01
NCT01915940,2013-10-01,2014-11-01
NCT04187157,2012-01-01,2019-04-01
NCT00320957,2006-01-01,2006-12-01
NCT01085357,2009-09-01,2015-03-01
NCT01021657,2009-01-01,2009-06-01
NCT02547740,2015-10-01,2023-12-01
NCT04846140,2021-11-01,2023-04-01
NCT02805257,2016-06-01,2020-03-01
NCT02330978,2014-01-01,2016-09-01
NCT00804323,2007-12-01,2009-12-01
NCT00435058,2005-09-01,2006-04-01
NCT02295358,2014-11-01,2015-11-01
NCT01655758,2002-01-01,2004-02-01
NCT05874258,2023-05-01,2025-12-01
NCT05694858,2023-05-01,2024-12-01
NCT01254058,2010-07-01,2020-04-01
NCT01058278,2008-03-01,2015-12-01
NCT00804102,2008-01-01,2011-04-01
NCT03461978,2017-07-01,2023-10-01
NCT00508469,2007-10-01,2010-01-01
NCT02727569,2017-06-01,2018-06-01
NCT03395535,2012-10-01,2017-12-01
NCT04052269,2019-06-01,2022-10-01
NCT03825380,2018-11-01,2021-02-01
NCT05666440,2023-01-01,2023-04-01
NCT04541524,2020-06-01,2020-11-01
NCT04416724,2021-04-01,2033-08-01
NCT03752840,2019-04-01,2024-12-01
NCT01467440,2011-11-01,2015-12-01
NCT01546740,2012-01-01,2012-05-01
NCT00966940,2009-09-01,2010-03-01
NCT00331240,2006-03-01,2007-02-01
NCT01830140,2013-07-01,2014-05-01
NCT01241240,2011-03-01,2013-09-01
NCT04061044,2018-07-01,2020-09-01
NCT01476644,2011-10-01,2017-06-01
NCT03673644,2018-10-01,2024-05-01
NCT05932940,2022-12-01,2023-12-01
NCT01315340,2011-03-01,2024-07-01
NCT00742378,2008-09-01,2008-12-01
NCT06119178,2023-11-01,2024-07-01
NCT00864578,2009-04-01,2009-06-01
NCT01779778,2012-04-01,2013-04-01
NCT01223378,2010-12-01,2012-06-01
NCT02059278,2014-01-01,2015-01-01
NCT02966678,2016-11-01,2017-05-01
NCT03365778,2017-10-01,2019-12-01
NCT02312544,2014-11-01,2015-12-01
NCT03330574,2017-01-01,2023-12-01
NCT04360174,2018-04-01,2021-05-01
NCT01263444,2011-03-01,2013-04-01
NCT01293474,2011-02-01,2015-12-01
NCT00440141,2006-07-01,2007-03-01
NCT00986141,2009-05-01,2012-12-01
NCT03011541,2016-01-01,2025-07-01
NCT00047541,2001-02-01,2003-11-01
NCT00759941,2007-10-01,2009-07-01
NCT01361841,2009-01-01,2013-01-01
NCT02955641,2016-11-01,2019-11-01
NCT00430274,2006-01-01,2017-04-01
NCT03684174,2017-04-01,2017-10-01
NCT00966576,2009-07-01,2010-08-01
NCT04698876,2021-02-01,2023-05-01
NCT02945176,2015-03-01,2017-06-01
NCT04149899,2019-11-01,2022-12-01
NCT05394324,2022-06-01,2025-05-01
NCT03695224,2018-10-01,2025-03-01
NCT04500574,2023-04-01,2023-12-01
NCT01170481,2009-07-01,2011-04-01
NCT01743781,2013-07-01,2013-09-01
NCT01254370,2010-11-01,2011-06-01
NCT01228799,2010-06-01,2012-12-01
NCT03875911,2019-03-01,2022-12-01
NCT01912599,2013-07-01,2014-07-01
NCT01474070,2011-11-01,2016-10-01
NCT02638181,2013-07-01,2015-12-01
NCT04620876,2019-10-01,2024-10-01
NCT03480711,2018-07-01,2019-03-01
NCT05319470,2022-03-01,2023-05-01
NCT02754570,2016-07-01,2018-02-01
NCT03257813,2016-04-01,2017-06-01
NCT01726569,2012-12-01,2014-03-01
NCT03807869,2018-12-01,2020-02-01
NCT01426113,2011-09-01,2014-10-01
NCT03697811,2018-09-01,2022-01-01
NCT03127813,2017-02-01,2018-01-01
NCT00327613,2005-06-01,2008-04-01
NCT01336569,2011-02-01,2012-03-01
NCT04430296,2020-08-01,2021-08-01
NCT03480295,2016-12-01,2017-04-01
NCT00145535,2004-05-01,2009-06-01
NCT01641835,2012-07-01,2012-12-01
NCT01474135,2011-12-01,2012-04-01
NCT04412096,2020-11-01,2024-08-01
NCT00825396,2007-04-01,2009-04-01
NCT01503996,2011-10-01,2015-10-01
NCT01298635,2005-01-01,2007-05-01
NCT05277870,2022-02-01,2025-06-01
NCT05938699,2023-12-01,2024-12-01
NCT04381611,2019-01-01,2030-01-01
NCT05309811,2022-04-01,2023-09-01
NCT02520674,2014-09-01,2015-08-01
NCT01489670,2011-09-01,2013-03-01
NCT03331770,2017-01-01,2017-10-01
NCT01528111,2012-03-01,2012-06-01
NCT03624699,2018-04-01,2020-06-01
NCT01314170,2011-05-01,2011-10-01
NCT00967811,2009-08-01,2010-05-01
NCT03639870,2018-07-01,2021-09-01
NCT02347670,2014-08-01,2015-12-01
NCT04654611,2019-02-01,2020-02-01
NCT00440011,2006-08-01,2007-10-01
NCT02105311,2014-03-01,2016-02-01
NCT04334499,2020-02-01,2022-12-01
NCT01327599,2011-08-01,2012-11-01
NCT01594970,2012-03-01,2013-01-01
NCT02774811,2014-02-01,2019-01-01
NCT02982499,2016-09-01,2018-03-01
NCT05283395,2022-03-01,2023-03-01
NCT05135195,2021-10-01,2022-10-01
NCT02466399,2015-07-01,2016-04-01
NCT01540370,2012-02-01,2012-07-01
NCT05960513,2023-11-01,2024-11-01
NCT05075369,2021-10-01,2022-04-01
NCT03172299,2017-06-01,2026-12-01
NCT04133311,2019-04-01,2022-10-01
NCT00567411,2006-08-01,2009-06-01
NCT05904613,2018-10-01,2021-12-01
NCT01621841,2012-06-01,2013-11-01
NCT01995136,2013-09-01,2014-06-01
NCT01415401,2011-09-01,2013-06-01
NCT03159780,2017-01-01,2017-08-01
NCT04572880,2021-12-01,2025-10-01
NCT04727411,2021-01-01,2022-06-01
NCT00863811,2009-04-01,2009-07-01
NCT02642211,2014-01-01,2015-09-01
NCT05495269,2022-11-01,2023-03-01
NCT00554411,2007-11-01,2011-08-01
NCT02067013,2015-07-01,2017-07-01
NCT00761995,2009-02-01,2010-07-01
NCT05024695,2021-08-01,2027-03-01
NCT02867995,2017-03-01,2018-03-01
NCT04972695,2021-05-01,2022-02-01
NCT00279695,1996-01-01,2010-06-01
NCT00328835,2006-03-01,2006-04-01
NCT00621335,2007-03-01,2008-02-01
NCT05786196,2023-05-01,2024-10-01
NCT04427995,2019-03-01,2021-04-01
NCT02807935,2016-07-01,2018-05-01
NCT04658095,2021-12-01,2022-08-01
